Filename,position,segment,segment_id,syllable,F1,F2,F3,performer
9,ictus,ɵ,ɵ,1,761.8090263,1301.382769,2325.895753,MH
9,ictus,i,i,1,494.5512699,1851.516868,2512.721172,MH
9,ictus,iː,i,1,440.5567855,2016.919198,2771.351527,MH
9,ictus,æ,æ,1,963.4431927,1910.036587,2706.121611,MH
9,ictus,iː,i,1,348.4742235,2052.85745,2620.528447,MH
9,ictus,æ,æ,1,932.1460115,1562.68561,2146.507869,MH
9,ictus,i,i,1,662.6484327,1464.991737,2483.324126,MH
9,ictus,æː,æ,1,978.7936258,1846.335107,2669.782856,MH
9,ictus,æː,æ,1,1051.495869,1627.652738,2426.9042,MH
9,ictus,æ,æ,1,925.3074537,1772.279649,2356.549371,MH
9,ictus,a,a,1,664.5914373,1340.229179,2473.658185,MH
9,ictus,æ,æ,1,977.9247708,1856.074757,2693.70135,MH
9,ictus,a,a,1,885.3381649,1420.478291,2134.29977,MH
9,ictus,i,i,1,459.3624347,2172.726314,2521.41166,MH
9,ictus,aː,a,1,1167.815068,1497.254622,2815.705486,MH
9,ictus,i,i,1,481.2750645,1504.266116,2565.207886,MH
9,ictus,e,e,1,676.9864255,1501.184847,2238.685943,MH
9,ictus,i,i,1,612.128493,1280.430714,2493.999347,MH
9,ictus,u,u,1,627.9941191,994.7339352,2454.422056,MH
9,ictus,a,a,1,1197.785658,1398.149799,2675.113936,MH
9,ictus,u,u,1,680.3708207,1125.59641,2308.353372,MH
9,ictus,o,o,1,800.4761506,1240.271085,2621.253729,MH
9,ictus,oː,o,1,789.7849058,1187.574504,2460.348107,MH
18,ictus,i,i,1,400.2726861,1792.285888,2604.343407,MH
18,ictus,a,a,1,905.0203846,1615.360183,2670.814904,MH
18,ictus,a,a,1,893.6172467,1556.554823,2537.984819,MH
18,ictus,i,i,1,569.4316197,1889.596824,2637.020191,MH
18,ictus,a,a,1,1088.316206,1679.327431,2993.170965,MH
18,ictus,a,a,1,1200.874484,1293.220304,2859.390096,MH
18,ictus,yː,y,1,600.0803188,2222.850664,2621.798793,MH
18,ictus,a,a,1,1202.556951,1262.571005,2902.923657,MH
18,ictus,a,a,1,965.0425155,1489.58156,2593.017138,MH
18,ictus,a,a,1,1070.230105,1604.111431,3095.212303,MH
18,ictus,a,a,1,1081.482946,1488.99783,2837.239266,MH
18,ictus,y,y,1,571.6205502,1422.423031,2205.491907,MH
18,ictus,y,y,1,563.7859974,1838.718947,2540.868483,MH
18,ictus,o,o,1,878.6598996,1366.135604,3087.210945,MH
18,ictus,æ,æ,1,961.3174845,1542.526605,2646.879614,MH
18,ictus,o,o,1,838.8630307,1250.275316,2531.48711,MH
18,ictus,i,i,1,417.0384306,1991.920881,2530.663227,MH
18,ictus,æ,æ,1,933.8453342,1535.867419,2532.867692,MH
18,ictus,aː,a,1,959.4265899,1484.04289,2334.002137,MH
18,ictus,i,i,1,558.4546298,1781.251946,2579.759629,MH
18,ictus,o,o,1,817.7813842,1081.195126,2450.021603,MH
18,ictus,o,o,1,549.6255942,1810.744901,2655.545388,MH
18,ictus,o,o,1,785.0984991,1782.27205,2242.477105,MH
18,ictus,æ,æ,1,914.5881078,1611.133445,2705.31354,MH
18,ictus,æ,æ,1,1025.296415,1805.204555,2938.978491,MH
18,ictus,a,a,1,1053.22059,1501.57709,3158.041939,MH
18,ictus,u,u,1,658.7462118,1082.388824,2648.728005,MH
18,ictus,i,i,1,634.2144357,2016.298473,2548.660584,MH
18,ictus,oː,o,1,764.0969521,993.4064662,2661.971369,MH
18,ictus,a,a,1,1076.515407,1346.196267,2920.135674,MH
18,ictus,i,i,1,784.6370233,1050.436654,2487.482406,MH
18,ictus,aː,a,1,1087.197424,1575.834109,2759.5313,MH
18,ictus,æ,æ,1,1119.778466,1705.64176,2920.709056,MH
18,ictus,æː,æ,1,1006.841075,1496.913469,2315.909251,MH
18,ictus,o,o,1,835.1449929,1332.306247,2712.183332,MH
18,ictus,o,o,1,820.718823,1170.894401,2616.800379,MH
18,ictus,ɵ,ɵ,1,723.4940338,1847.356908,2721.731214,MH
18,ictus,u,u,1,637.387674,1145.283904,2596.211072,MH
18,ictus,a,a,1,1180.907631,1324.640632,2829.139055,MH
18,ictus,i,i,1,542.2139906,1567.848163,2398.419125,MH
18,ictus,a,a,1,1086.31935,1645.262584,3128.717362,MH
18,ictus,e,e,1,855.2891632,1949.148183,2581.125378,MH
18,ictus,e,e,1,754.7916032,1913.500788,2526.026998,MH
18,ictus,i,i,1,405.1112093,2215.079278,2577.621218,MH
18,ictus,a,a,1,1147.982716,1385.336862,2891.820004,MH
18,ictus,a,a,1,1078.684883,1881.863119,3194.773688,MH
18,ictus,u,u,1,647.2022483,1100.524734,1534.316916,MH
18,ictus,u,u,1,561.0776342,1071.096733,2811.005198,MH
18,ictus,u,u,1,462.2850784,981.8753404,2844.958154,MH
18,ictus,ɵː,ɵ,1,697.4168009,1597.134584,2759.859191,MH
18,ictus,ɵ,ɵ,1,915.1957879,1811.238885,2741.62721,MH
18,ictus,ɵ,ɵ,1,713.232597,1737.740776,2733.430989,MH
18,ictus,ɵ,ɵ,1,751.4344533,1362.124674,2437.820951,MH
18,ictus,i,i,1,666.2984657,1809.102206,2525.669181,MH
18,ictus,i,i,1,457.9968931,1991.731796,2478.478741,MH
18,ictus,ɵ,ɵ,1,781.5054853,1648.266235,2682.097589,MH
18,ictus,a,a,1,999.4676157,1251.498053,2854.07224,MH
18,ictus,i,i,1,683.6284678,2363.330605,2514.412987,MH
18,ictus,i,i,1,408.242316,2073.870575,2511.746962,MH
18,ictus,ɵ,ɵ,1,788.4265314,1776.913191,2745.522251,MH
18,ictus,ɵ,ɵ,1,894.1611976,1813.63344,2876.532732,MH
18,ictus,ɵ,ɵ,1,770.0158056,1598.517681,2658.635478,MH
18,ictus,ɵ,ɵ,1,716.0536123,1686.120699,2634.007148,MH
18,ictus,ɵ,ɵ,1,784.0031561,1631.354769,2678.982147,MH
18,ictus,ɵ,ɵ,1,772.5471957,1667.329183,2603.133311,MH
18,ictus,oː,o,1,921.9521213,2212.910547,2796.300056,MH
18,ictus,æː,æ,1,901.7909783,1159.037022,2464.409446,MH
18,ictus,e,e,1,798.8667461,1854.118643,2437.035606,MH
18,ictus,iiː,i,1,460.4592765,2069.137227,2689.90197,MH
18,ictus,iiː,i,1,424.2230973,2099.542914,2623.513583,MH
18,ictus,o,o,1,695.5831564,1595.472588,2098.790796,MH
18,ictus,iiː,i,1,418.5669445,2226.833336,2681.584933,MH
18,ictus,o,o,1,742.9112907,1787.115125,2463.726192,MH
18,ictus,æ:,æ,1,986.6314723,1487.83667,2425.953702,MH
18,ictus,a,a,1,909.0803949,1625.319148,2279.160605,MH
18,ictus,u,u,1,648.0871458,1087.09906,2149.761794,MH
18,ictus,a,a,1,1051.102811,1455.381905,2901.22077,MH
18,ictus,a,a,1,1130.170839,1366.832852,2412.337641,MH
18,ictus,a,a,1,989.7740009,1554.115292,2849.41403,MH
18,ictus,æ,æ,1,1088.977514,1535.667836,2502.493153,MH
18,ictus,a,a,1,1020.327879,1076.124202,2946.802268,MH
18,ictus,a,a,1,939.2760105,1373.780147,2539.330567,MH
18,ictus,a,a,1,916.4621816,1463.895203,2642.808533,MH
18,ictus,a,a,1,1063.636918,1902.935205,3060.145806,MH
18,ictus,aː,a,1,1142.795754,1239.935771,2958.999157,MH
18,ictus,aː,a,1,1029.943881,1594.115989,2928.088912,MH
18,ictus,a,a,1,871.4617504,1570.847483,2461.21486,MH
18,ictus,a,a,1,938.3728088,1576.832852,2504.578193,MH
18,ictus,aː,a,1,1187.383354,1235.835639,2982.264114,MH
18,ictus,aː,a,1,942.126476,1568.791558,2365.348381,MH
18,ictus,a,a,1,992.1329989,1374.121342,2671.977605,MH
18,ictus,iː,i,1,429.7399553,2290.535771,2541.624883,MH
18,ictus,y,y,1,638.7300546,1999.478444,2625.690711,MH
18,ictus,eː,e,1,642.5482908,1716.086078,2396.933459,MH
18,ictus,ai,a,1,1039.214076,1534.178821,2734.421678,MH
18,ictus,æː,æ,1,913.4799809,1761.495187,2718.317281,MH
18,ictus,e,e,1,791.9291751,2361.781789,2647.666316,MH
18,ictus,i,i,1,561.5947862,2306.359102,2566.759967,MH
18,ictus,iː,i,1,462.5888489,1467.765428,2581.680601,MH
18,ictus,a,a,1,1145.30917,1506.213254,2916.235138,MH
18,ictus,ɵ,ɵ,1,738.0202774,1570.379884,2879.088729,MH
18,ictus,ɵ,ɵ,1,893.7645057,1567.568674,2729.210908,MH
18,ictus,y,y,1,485.1747297,2038.802242,2198.510337,MH
18,ictus,ɵ,ɵ,1,703.020513,1565.38339,2499.753044,MH
18,ictus,ɵ,ɵ,1,686.4584983,1587.173661,2945.236351,MH
18,ictus,y,y,1,442.1207695,1782.301689,2250.725174,MH
18,ictus,e,e,1,805.2362836,1934.90062,2412.424613,MH
18,ictus,e,e,1,712.6614492,2112.004514,2654.57945,MH
18,ictus,e,e,1,784.1588674,2417.045115,2578.316577,MH
18,ictus,o,o,1,895.9600722,1037.66452,2738.808936,MH
18,ictus,e,e,1,723.4398728,2118.778256,2266.247468,MH
18,ictus,o,o,1,764.9121362,1966.419662,2496.184309,MH
65,ictus,a,a,1,863.4881692,1539.999522,2205.076974,LK
65,ictus,a,a,1,862.0567832,1363.401687,2267.201266,LK
65,ictus,ai,a,1,950.2894823,1380.023845,2112.860235,LK
65,ictus,aː,a,1,922.5333976,1421.449921,2322.239819,LK
65,ictus,uː,u,1,486.3020602,1075.600441,2304.011651,LK
65,ictus,u,u,1,662.6909803,1027.493038,2261.540566,LK
65,ictus,a,a,1,892.855915,1370.46561,2432.023357,LK
65,ictus,y,y,1,557.9943671,1602.01247,2352.54356,LK
65,ictus,a,a,1,955.5349296,1495.497025,2188.163929,LK
65,ictus,a,a,1,1042.70677,1442.473462,2943.824393,LK
65,ictus,o,o,1,791.6051942,1258.036789,2231.836129,LK
65,ictus,u,u,1,549.0413879,1177.482534,2000.725916,LK
65,ictus,o,o,1,599.8902627,1184.337046,2450.039563,LK
65,ictus,a,a,1,929.3392472,1352.632145,1972.752108,LK
65,ictus,o,o,1,584.3624306,1053.724934,2382.928176,LK
65,ictus,y,y,1,878.7841801,1678.503823,2569.828131,LK
65,ictus,o,o,1,685.3520294,1265.390825,2671.021789,LK
65,ictus,e,e,1,703.0708081,1664.886133,2611.790796,LK
65,ictus,oː,o,1,968.9826455,1170.790137,1418.677711,LK
65,ictus,u,u,1,540.3738228,1075.750991,2266.907121,LK
65,ictus,iː,i,1,374.067788,1317.863732,2940.343294,LK
65,ictus,øøː,ø,1,468.2703481,1903.458823,2586.171123,LK
65,ictus,øː,ø,1,581.6733648,1513.457065,2236.206904,LK
65,ictus,i,i,1,622.0148055,1292.625857,2771.167059,LK
65,ictus,u,u,1,547.3428564,1070.25477,2246.510631,LK
65,ictus,a,a,1,901.0085677,1415.271745,2468.297929,LK
65,ictus,aː,a,1,921.227242,1286.698563,2057.060922,LK
65,ictus,uː,u,1,605.1757384,948.5479323,2208.43903,LK
65,ictus,i,i,1,538.6352875,1769.946407,2639.342369,LK
65,ictus,y,y,1,522.363664,1759.737155,2565.496294,LK
65,ictus,a,a,1,934.6694086,1482.710584,1831.099529,LK
41,ictus,ai,a,1,730.7153028,1140.540189,2447.019961,LK
41,ictus,a,a,1,1022.286324,1573.195081,1876.816476,LK
41,ictus,e,e,1,581.7863868,1245.51695,2505.893015,LK
41,ictus,ai,a,1,750.270736,1098.554046,2467.958197,LK
41,ictus,iː,i,1,591.1806529,893.0859831,2632.770552,LK
41,ictus,i,i,1,590.3268503,1255.702772,2596.552885,LK
41,ictus,i,i,1,434.9392314,1870.367783,2808.785372,LK
41,ictus,ɵ,ɵ,1,598.2591441,1614.680956,2977.296719,LK
41,ictus,oː,o,1,588.7931398,1137.878868,2394.183409,LK
41,ictus,oː,o,1,610.4076007,1088.074777,2489.962517,LK
41,ictus,ai,a,1,858.3874239,1205.024408,2009.025242,LK
41,ictus,ai,a,1,558.5073976,1291.052808,2515.526434,LK
41,ictus,y,y,1,582.2736797,1149.140851,2090.641414,LK
41,ictus,y,y,1,583.8580327,1327.529406,1993.023824,LK
41,ictus,y,y,1,415.9892044,1627.100351,1951.926013,LK
41,ictus,y,y,1,503.2963839,1215.180945,2054.62432,LK
41,ictus,ai,a,1,830.7070272,1562.653071,1651.325219,LK
41,ictus,a,a,1,615.0404611,1430.992818,2347.644706,LK
41,ictus,a,a,1,747.0977714,1437.164612,2307.074888,LK
41,ictus,a,a,1,823.6175638,1397.042696,2401.558936,LK
41,ictus,a,a,1,955.7193563,1570.342989,2683.627324,LK
41,ictus,a,a,1,842.7380974,1349.313592,1737.991637,LK
41,ictus,u,u,1,566.3680858,1181.119085,1968.226231,LK
41,ictus,i,i,1,541.3337081,2606.822028,2937.119846,LK
41,ictus,e,e,1,575.379253,1247.081824,2517.302948,LK
69,ictus,a,a,1,728.9343473,1892.541486,2883.953793,LO
69,ictus,e,e,1,701.4950089,2083.01511,2471.160208,LO
69,ictus,øː,ø,1,443.9305173,1896.253802,2135.32279,LO
69,ictus,o,o,1,890.8071085,1099.706415,2557.741586,LO
69,ictus,i,i,1,318.0196147,2150.469623,3297.21434,LO
69,ictus,u,u,1,426.3583743,1547.48255,2104.777074,LO
77,ictus,o,o,1,560.4810346,999.9609191,2179.876561,LO
77,ictus,o,o,1,727.5924788,1278.880695,1760.692717,LO
77,ictus,e,e,1,399.2852453,844.7067287,1738.859895,LO
92,ictus,i,i,1,661.7981443,1361.417554,2474.579584,LK
92,ictus,a,a,1,812.3607353,1270.931748,2488.26276,LK
92,ictus,a,a,1,1047.209378,1350.155876,2822.751824,LK
92,ictus,aː,a,1,802.89438,1293.642351,2334.509933,LK
92,ictus,a,a,1,899.4529725,1419.300408,1804.184852,LK
92,ictus,ɵ,ɵ,1,661.7981024,1608.185857,2493.392098,LK
92,ictus,i,i,1,404.2295402,1598.507272,2772.69786,LK
92,ictus,i,i,1,545.8821592,1739.281576,2723.395066,LK
92,ictus,iiː,i,1,512.4936993,2514.13921,2744.030105,LK
92,ictus,ɵː,ɵ,1,886.708125,1405.994853,2266.270662,LK
94,ictus,i,i,1,489.0121771,1205.744719,2648.09182,LK
94,ictus,a,a,1,635.8690267,1167.706194,1912.157544,LK
94,ictus,u,u,1,673.4021213,1070.249414,2276.360142,LK
94,ictus,æ,æ,1,728.7266551,1601.069588,2216.081659,LK
94,ictus,a,a,1,821.1066623,1292.97587,2374.175602,LK
94,ictus,a,a,1,802.5725493,1474.95475,2376.964231,LK
94,ictus,yyː,y,1,421.0078039,749.3493522,2044.160668,LK
94,ictus,a,a,1,913.0585374,1565.9546,2026.136139,LK
94,ictus,a,a,1,905.9436681,1366.740557,1971.87067,LK
94,ictus,e,e,1,742.3506236,1564.636931,2487.506838,LK
94,ictus,e,e,1,624.1034541,1419.3539,2484.09841,LK
94,ictus,a,a,1,936.7443592,1087.15434,1622.035989,LK
94,ictus,yyː,y,1,521.5028054,1603.55086,2340.313862,LK
94,ictus,iː,i,1,480.1078131,2140.350813,2983.030352,LK
94,ictus,iː,i,1,367.2351538,1824.106024,2923.761659,LK
94,ictus,a,a,1,833.5176914,1431.557376,2499.170819,LK
94,ictus,ɵ,ɵ,1,589.4621925,1431.232007,2603.142636,LK
94,ictus,i,i,1,469.6361518,1614.491484,2750.853232,LK
94,ictus,u,u,1,664.1757922,976.2390673,1734.864593,LK
94,ictus,ɵ,ɵ,1,767.2007426,1454.525912,2687.96552,LK
94,ictus,i,i,1,687.8659084,1695.359188,2750.466368,LK
94,ictus,u,u,1,698.2820116,966.8081581,1986.667867,LK
9,ictus,ɵ,ɵ,2,761.8090263,1301.382769,2325.895753,MH
9,ictus,i,i,2,494.5512699,1851.516868,2512.721172,MH
9,ictus,iː,i,2,440.5567855,2016.919198,2771.351527,MH
9,ictus,æ,æ,2,963.4431927,1910.036587,2706.121611,MH
9,ictus,iː,i,2,348.4742235,2052.85745,2620.528447,MH
9,ictus,æ,æ,2,932.1460115,1562.68561,2146.507869,MH
9,ictus,i,i,2,662.6484327,1464.991737,2483.324126,MH
9,ictus,æː,æ,2,978.7936258,1846.335107,2669.782856,MH
9,ictus,æː,æ,2,1051.495869,1627.652738,2426.9042,MH
9,ictus,æ,æ,2,925.3074537,1772.279649,2356.549371,MH
9,ictus,a,a,2,664.5914373,1340.229179,2473.658185,MH
9,ictus,æ,æ,2,977.9247708,1856.074757,2693.70135,MH
9,ictus,a,a,2,885.3381649,1420.478291,2134.29977,MH
9,ictus,i,i,2,459.3624347,2172.726314,2521.41166,MH
9,ictus,aː,a,2,1167.815068,1497.254622,2815.705486,MH
9,ictus,i,i,2,481.2750645,1504.266116,2565.207886,MH
9,ictus,e,e,2,676.9864255,1501.184847,2238.685943,MH
9,ictus,i,i,2,612.128493,1280.430714,2493.999347,MH
9,ictus,u,u,2,627.9941191,994.7339352,2454.422056,MH
9,ictus,a,a,2,1197.785658,1398.149799,2675.113936,MH
9,ictus,u,u,2,680.3708207,1125.59641,2308.353372,MH
9,ictus,o,o,2,800.4761506,1240.271085,2621.253729,MH
9,ictus,oː,o,2,789.7849058,1187.574504,2460.348107,MH
18,ictus,i,i,2,400.2726861,1792.285888,2604.343407,MH
18,ictus,a,a,2,905.0203846,1615.360183,2670.814904,MH
18,ictus,a,a,2,893.6172467,1556.554823,2537.984819,MH
18,ictus,i,i,2,569.4316197,1889.596824,2637.020191,MH
18,ictus,a,a,2,1088.316206,1679.327431,2993.170965,MH
18,ictus,a,a,2,1200.874484,1293.220304,2859.390096,MH
18,ictus,yː,y,2,600.0803188,2222.850664,2621.798793,MH
18,ictus,a,a,2,1202.556951,1262.571005,2902.923657,MH
18,ictus,a,a,2,965.0425155,1489.58156,2593.017138,MH
18,ictus,a,a,2,1070.230105,1604.111431,3095.212303,MH
18,ictus,a,a,2,1081.482946,1488.99783,2837.239266,MH
18,ictus,y,y,2,571.6205502,1422.423031,2205.491907,MH
18,ictus,y,y,2,563.7859974,1838.718947,2540.868483,MH
18,ictus,o,o,2,878.6598996,1366.135604,3087.210945,MH
18,ictus,æ,æ,2,961.3174845,1542.526605,2646.879614,MH
18,ictus,o,o,2,838.8630307,1250.275316,2531.48711,MH
18,ictus,i,i,2,417.0384306,1991.920881,2530.663227,MH
18,ictus,æ,æ,2,933.8453342,1535.867419,2532.867692,MH
18,ictus,aː,a,2,959.4265899,1484.04289,2334.002137,MH
18,ictus,i,i,2,558.4546298,1781.251946,2579.759629,MH
18,ictus,o,o,2,817.7813842,1081.195126,2450.021603,MH
18,ictus,o,o,2,549.6255942,1810.744901,2655.545388,MH
18,ictus,o,o,2,785.0984991,1782.27205,2242.477105,MH
18,ictus,æ,æ,2,914.5881078,1611.133445,2705.31354,MH
18,ictus,æ,æ,2,1025.296415,1805.204555,2938.978491,MH
18,ictus,a,a,2,1053.22059,1501.57709,3158.041939,MH
18,ictus,u,u,2,658.7462118,1082.388824,2648.728005,MH
18,ictus,i,i,2,634.2144357,2016.298473,2548.660584,MH
18,ictus,oː,o,2,764.0969521,993.4064662,2661.971369,MH
18,ictus,a,a,2,1076.515407,1346.196267,2920.135674,MH
18,ictus,i,i,2,784.6370233,1050.436654,2487.482406,MH
18,ictus,aː,a,2,1087.197424,1575.834109,2759.5313,MH
18,ictus,æ,æ,2,1119.778466,1705.64176,2920.709056,MH
18,ictus,æː,æ,2,1006.841075,1496.913469,2315.909251,MH
18,ictus,o,o,2,835.1449929,1332.306247,2712.183332,MH
18,ictus,o,o,2,820.718823,1170.894401,2616.800379,MH
18,ictus,ɵ,ɵ,2,723.4940338,1847.356908,2721.731214,MH
18,ictus,u,u,2,637.387674,1145.283904,2596.211072,MH
18,ictus,a,a,2,1180.907631,1324.640632,2829.139055,MH
18,ictus,i,i,2,542.2139906,1567.848163,2398.419125,MH
18,ictus,a,a,2,1086.31935,1645.262584,3128.717362,MH
18,ictus,e,e,2,855.2891632,1949.148183,2581.125378,MH
18,ictus,e,e,2,754.7916032,1913.500788,2526.026998,MH
18,ictus,i,i,2,405.1112093,2215.079278,2577.621218,MH
18,ictus,a,a,2,1147.982716,1385.336862,2891.820004,MH
18,ictus,a,a,2,1078.684883,1881.863119,3194.773688,MH
18,ictus,u,u,2,647.2022483,1100.524734,1534.316916,MH
18,ictus,u,u,2,561.0776342,1071.096733,2811.005198,MH
18,ictus,u,u,2,462.2850784,981.8753404,2844.958154,MH
18,ictus,ɵː,ɵ,2,697.4168009,1597.134584,2759.859191,MH
18,ictus,ɵ,ɵ,2,915.1957879,1811.238885,2741.62721,MH
18,ictus,ɵ,ɵ,2,713.232597,1737.740776,2733.430989,MH
18,ictus,ɵ,ɵ,2,751.4344533,1362.124674,2437.820951,MH
18,ictus,i,i,2,666.2984657,1809.102206,2525.669181,MH
18,ictus,i,i,2,457.9968931,1991.731796,2478.478741,MH
18,ictus,ɵ,ɵ,2,781.5054853,1648.266235,2682.097589,MH
18,ictus,a,a,2,999.4676157,1251.498053,2854.07224,MH
18,ictus,i,i,2,683.6284678,2363.330605,2514.412987,MH
18,ictus,i,i,2,408.242316,2073.870575,2511.746962,MH
18,ictus,ɵ,ɵ,2,788.4265314,1776.913191,2745.522251,MH
18,ictus,ɵ,ɵ,2,894.1611976,1813.63344,2876.532732,MH
18,ictus,ɵ,ɵ,2,770.0158056,1598.517681,2658.635478,MH
18,ictus,ɵ,ɵ,2,716.0536123,1686.120699,2634.007148,MH
18,ictus,ɵ,ɵ,2,784.0031561,1631.354769,2678.982147,MH
18,ictus,ɵ,ɵ,2,772.5471957,1667.329183,2603.133311,MH
18,ictus,oː,o,2,921.9521213,2212.910547,2796.300056,MH
18,ictus,æː,æ,2,901.7909783,1159.037022,2464.409446,MH
18,ictus,e,e,2,798.8667461,1854.118643,2437.035606,MH
18,ictus,iiː,i,2,460.4592765,2069.137227,2689.90197,MH
18,ictus,iiː,i,2,424.2230973,2099.542914,2623.513583,MH
18,ictus,o,o,2,695.5831564,1595.472588,2098.790796,MH
18,ictus,iiː,i,2,418.5669445,2226.833336,2681.584933,MH
18,ictus,o,o,2,742.9112907,1787.115125,2463.726192,MH
18,ictus,æ:,æ,2,986.6314723,1487.83667,2425.953702,MH
18,ictus,a,a,2,909.0803949,1625.319148,2279.160605,MH
18,ictus,u,u,2,648.0871458,1087.09906,2149.761794,MH
18,ictus,a,a,2,1051.102811,1455.381905,2901.22077,MH
18,ictus,a,a,2,1130.170839,1366.832852,2412.337641,MH
18,ictus,a,a,2,989.7740009,1554.115292,2849.41403,MH
18,ictus,æ,æ,2,1088.977514,1535.667836,2502.493153,MH
18,ictus,a,a,2,1020.327879,1076.124202,2946.802268,MH
18,ictus,a,a,2,939.2760105,1373.780147,2539.330567,MH
18,ictus,a,a,2,916.4621816,1463.895203,2642.808533,MH
18,ictus,a,a,2,1063.636918,1902.935205,3060.145806,MH
18,ictus,aː,a,2,1142.795754,1239.935771,2958.999157,MH
18,ictus,aː,a,2,1029.943881,1594.115989,2928.088912,MH
18,ictus,a,a,2,871.4617504,1570.847483,2461.21486,MH
18,ictus,a,a,2,938.3728088,1576.832852,2504.578193,MH
18,ictus,aː,a,2,1187.383354,1235.835639,2982.264114,MH
18,ictus,aː,a,2,942.126476,1568.791558,2365.348381,MH
18,ictus,a,a,2,992.1329989,1374.121342,2671.977605,MH
18,ictus,iː,i,2,429.7399553,2290.535771,2541.624883,MH
18,ictus,y,y,2,638.7300546,1999.478444,2625.690711,MH
18,ictus,eː,e,2,642.5482908,1716.086078,2396.933459,MH
18,ictus,ai,a,2,1039.214076,1534.178821,2734.421678,MH
18,ictus,æː,æ,2,913.4799809,1761.495187,2718.317281,MH
18,ictus,e,e,2,791.9291751,2361.781789,2647.666316,MH
18,ictus,i,i,2,561.5947862,2306.359102,2566.759967,MH
18,ictus,iː,i,2,462.5888489,1467.765428,2581.680601,MH
18,ictus,a,a,2,1145.30917,1506.213254,2916.235138,MH
18,ictus,ɵ,ɵ,2,738.0202774,1570.379884,2879.088729,MH
18,ictus,ɵ,ɵ,2,893.7645057,1567.568674,2729.210908,MH
18,ictus,y,y,2,485.1747297,2038.802242,2198.510337,MH
18,ictus,ɵ,ɵ,2,703.020513,1565.38339,2499.753044,MH
18,ictus,ɵ,ɵ,2,686.4584983,1587.173661,2945.236351,MH
18,ictus,y,y,2,442.1207695,1782.301689,2250.725174,MH
18,ictus,e,e,2,805.2362836,1934.90062,2412.424613,MH
18,ictus,e,e,2,712.6614492,2112.004514,2654.57945,MH
18,ictus,e,e,2,784.1588674,2417.045115,2578.316577,MH
18,ictus,o,o,2,895.9600722,1037.66452,2738.808936,MH
18,ictus,e,e,2,723.4398728,2118.778256,2266.247468,MH
18,ictus,o,o,2,764.9121362,1966.419662,2496.184309,MH
65,ictus,a,a,2,863.4881692,1539.999522,2205.076974,LK
65,ictus,a,a,2,862.0567832,1363.401687,2267.201266,LK
65,ictus,ai,a,2,950.2894823,1380.023845,2112.860235,LK
65,ictus,aː,a,2,922.5333976,1421.449921,2322.239819,LK
65,ictus,uː,u,2,486.3020602,1075.600441,2304.011651,LK
65,ictus,u,u,2,662.6909803,1027.493038,2261.540566,LK
65,ictus,a,a,2,892.855915,1370.46561,2432.023357,LK
65,ictus,y,y,2,557.9943671,1602.01247,2352.54356,LK
65,ictus,a,a,2,955.5349296,1495.497025,2188.163929,LK
65,ictus,a,a,2,1042.70677,1442.473462,2943.824393,LK
65,ictus,o,o,2,791.6051942,1258.036789,2231.836129,LK
65,ictus,u,u,2,549.0413879,1177.482534,2000.725916,LK
65,ictus,o,o,2,599.8902627,1184.337046,2450.039563,LK
65,ictus,a,a,2,929.3392472,1352.632145,1972.752108,LK
65,ictus,o,o,2,584.3624306,1053.724934,2382.928176,LK
65,ictus,y,y,2,878.7841801,1678.503823,2569.828131,LK
65,ictus,o,o,2,685.3520294,1265.390825,2671.021789,LK
65,ictus,e,e,2,703.0708081,1664.886133,2611.790796,LK
65,ictus,oː,o,2,968.9826455,1170.790137,1418.677711,LK
65,ictus,u,u,2,540.3738228,1075.750991,2266.907121,LK
65,ictus,iː,i,2,374.067788,1317.863732,2940.343294,LK
65,ictus,øøː,ø,2,468.2703481,1903.458823,2586.171123,LK
65,ictus,øː,ø,2,581.6733648,1513.457065,2236.206904,LK
65,ictus,i,i,2,622.0148055,1292.625857,2771.167059,LK
65,ictus,u,u,2,547.3428564,1070.25477,2246.510631,LK
65,ictus,a,a,2,901.0085677,1415.271745,2468.297929,LK
65,ictus,aː,a,2,921.227242,1286.698563,2057.060922,LK
65,ictus,uː,u,2,605.1757384,948.5479323,2208.43903,LK
65,ictus,i,i,2,538.6352875,1769.946407,2639.342369,LK
65,ictus,y,y,2,522.363664,1759.737155,2565.496294,LK
65,ictus,a,a,2,934.6694086,1482.710584,1831.099529,LK
41,ictus,ai,a,2,730.7153028,1140.540189,2447.019961,LK
41,ictus,a,a,2,1022.286324,1573.195081,1876.816476,LK
41,ictus,e,e,2,581.7863868,1245.51695,2505.893015,LK
41,ictus,ai,a,2,750.270736,1098.554046,2467.958197,LK
41,ictus,iː,i,2,591.1806529,893.0859831,2632.770552,LK
41,ictus,i,i,2,590.3268503,1255.702772,2596.552885,LK
41,ictus,i,i,2,434.9392314,1870.367783,2808.785372,LK
41,ictus,ɵ,ɵ,2,598.2591441,1614.680956,2977.296719,LK
41,ictus,oː,o,2,588.7931398,1137.878868,2394.183409,LK
41,ictus,oː,o,2,610.4076007,1088.074777,2489.962517,LK
41,ictus,ai,a,2,858.3874239,1205.024408,2009.025242,LK
41,ictus,ai,a,2,558.5073976,1291.052808,2515.526434,LK
41,ictus,y,y,2,582.2736797,1149.140851,2090.641414,LK
41,ictus,y,y,2,583.8580327,1327.529406,1993.023824,LK
41,ictus,y,y,2,415.9892044,1627.100351,1951.926013,LK
41,ictus,y,y,2,503.2963839,1215.180945,2054.62432,LK
41,ictus,ai,a,2,830.7070272,1562.653071,1651.325219,LK
41,ictus,a,a,2,615.0404611,1430.992818,2347.644706,LK
41,ictus,a,a,2,747.0977714,1437.164612,2307.074888,LK
41,ictus,a,a,2,823.6175638,1397.042696,2401.558936,LK
41,ictus,a,a,2,955.7193563,1570.342989,2683.627324,LK
41,ictus,a,a,2,842.7380974,1349.313592,1737.991637,LK
41,ictus,u,u,2,566.3680858,1181.119085,1968.226231,LK
41,ictus,i,i,2,541.3337081,2606.822028,2937.119846,LK
41,ictus,e,e,2,575.379253,1247.081824,2517.302948,LK
69,ictus,a,a,2,728.9343473,1892.541486,2883.953793,LO
69,ictus,e,e,2,701.4950089,2083.01511,2471.160208,LO
69,ictus,øː,ø,2,443.9305173,1896.253802,2135.32279,LO
69,ictus,o,o,2,890.8071085,1099.706415,2557.741586,LO
69,ictus,i,i,2,318.0196147,2150.469623,3297.21434,LO
69,ictus,u,u,2,426.3583743,1547.48255,2104.777074,LO
77,ictus,o,o,2,560.4810346,999.9609191,2179.876561,LO
77,ictus,o,o,2,727.5924788,1278.880695,1760.692717,LO
77,ictus,e,e,2,399.2852453,844.7067287,1738.859895,LO
92,ictus,i,i,2,661.7981443,1361.417554,2474.579584,LK
92,ictus,a,a,2,812.3607353,1270.931748,2488.26276,LK
92,ictus,a,a,2,1047.209378,1350.155876,2822.751824,LK
92,ictus,aː,a,2,802.89438,1293.642351,2334.509933,LK
92,ictus,a,a,2,899.4529725,1419.300408,1804.184852,LK
92,ictus,ɵ,ɵ,2,661.7981024,1608.185857,2493.392098,LK
92,ictus,i,i,2,404.2295402,1598.507272,2772.69786,LK
92,ictus,i,i,2,545.8821592,1739.281576,2723.395066,LK
92,ictus,iiː,i,2,512.4936993,2514.13921,2744.030105,LK
92,ictus,ɵː,ɵ,2,886.708125,1405.994853,2266.270662,LK
94,ictus,i,i,2,489.0121771,1205.744719,2648.09182,LK
94,ictus,a,a,2,635.8690267,1167.706194,1912.157544,LK
94,ictus,u,u,2,673.4021213,1070.249414,2276.360142,LK
94,ictus,æ,æ,2,728.7266551,1601.069588,2216.081659,LK
94,ictus,a,a,2,821.1066623,1292.97587,2374.175602,LK
94,ictus,a,a,2,802.5725493,1474.95475,2376.964231,LK
94,ictus,yyː,y,2,421.0078039,749.3493522,2044.160668,LK
94,ictus,a,a,2,913.0585374,1565.9546,2026.136139,LK
94,ictus,a,a,2,905.9436681,1366.740557,1971.87067,LK
94,ictus,e,e,2,742.3506236,1564.636931,2487.506838,LK
94,ictus,e,e,2,624.1034541,1419.3539,2484.09841,LK
94,ictus,a,a,2,936.7443592,1087.15434,1622.035989,LK
94,ictus,yyː,y,2,521.5028054,1603.55086,2340.313862,LK
94,ictus,iː,i,2,480.1078131,2140.350813,2983.030352,LK
94,ictus,iː,i,2,367.2351538,1824.106024,2923.761659,LK
94,ictus,a,a,2,833.5176914,1431.557376,2499.170819,LK
94,ictus,ɵ,ɵ,2,589.4621925,1431.232007,2603.142636,LK
94,ictus,i,i,2,469.6361518,1614.491484,2750.853232,LK
94,ictus,u,u,2,664.1757922,976.2390673,1734.864593,LK
94,ictus,ɵ,ɵ,2,767.2007426,1454.525912,2687.96552,LK
94,ictus,i,i,2,687.8659084,1695.359188,2750.466368,LK
94,ictus,u,u,2,698.2820116,966.8081581,1986.667867,LK
9,off,i,i,1,713.831828,1082.023023,2173.740372,MH
9,off,a,a,1,1032.18116,1204.464387,2434.534669,MH
9,off,æː,æ,1,802.8776762,1663.702531,2081.908236,MH
9,off,a,a,1,1171.630311,1435.976871,2749.354136,MH
9,off,i,i,1,461.7128573,1861.89931,2543.791488,MH
9,off,a,a,1,1049.309739,1488.37994,2806.903815,MH
9,off,i,i,1,376.6526268,1884.147599,2678.357556,MH
9,off,aː,a,1,825.3018059,1645.063506,1972.890311,MH
9,off,i,i,1,606.3111834,2188.822312,2767.19679,MH
9,off,u,u,1,655.9659898,1512.952245,2443.498231,MH
9,off,a,a,1,837.1494308,1523.785612,2501.661712,MH
9,off,u,u,1,781.5811777,1246.223866,2437.901203,MH
9,off,oː,o,1,728.6386098,1600.631796,2099.598512,MH
18,off,a,a,1,832.9118499,1737.67716,2917.738035,MH
18,off,i,i,1,549.4009718,1587.384135,2495.785802,MH
18,off,a,a,1,852.6796427,1420.291205,2590.511128,MH
18,off,o,o,1,691.6366794,1299.113127,2625.598164,MH
18,off,o,o,1,838.0079205,1055.657977,2607.016439,MH
18,off,aː,a,1,994.8050529,1665.110772,2962.579554,MH
18,off,o,o,1,781.2899358,988.5922149,2269.512627,MH
18,off,u,u,1,844.9622974,1103.760444,2631.809173,MH
18,off,o,o,1,784.8965878,1115.198597,2776.762381,MH
18,off,æ,æ,1,841.4299247,1850.044063,2526.369366,MH
18,off,oː,o,1,733.6098619,1278.842223,2676.773572,MH
18,off,aː,a,1,631.5547077,1838.752731,2721.713798,MH
18,off,o,o,1,854.7741492,1933.267153,2568.31418,MH
18,off,a,a,1,1183.831343,1346.892128,2741.909473,MH
18,off,a,a,1,934.0653718,1451.126458,2514.079176,MH
18,off,a,a,1,962.8176047,1601.271386,2124.395798,MH
18,off,u,u,1,468.8238725,936.9053624,2294.376425,MH
18,off,u,u,1,436.7532852,991.0749155,2734.129699,MH
18,off,o,o,1,719.665434,1338.139436,2598.950211,MH
18,off,oː,o,1,627.7098407,982.1784829,2341.233272,MH
18,off,e,e,1,823.4642072,1869.467129,2280.181537,MH
18,off,o,o,1,881.1271303,1411.647242,2806.398566,MH
18,off,o,o,1,960.0813266,1417.596984,3101.474931,MH
18,off,o,o,1,889.9786654,1253.270328,2629.259073,MH
18,off,a,a,1,885.498715,1609.526175,2485.435229,MH
18,off,æ:,æ,1,852.7508546,1592.001537,1946.79957,MH
18,off,a,a,1,1009.548718,1470.672678,2912.685201,MH
18,off,u,u,1,403.8016704,953.1051382,2198.396374,MH
18,off,o,o,1,794.746731,1160.005043,2418.309468,MH
18,off,æ,æ,1,1019.234102,1592.861936,2589.555174,MH
18,off,a,a,1,857.7571385,1520.201268,2629.256586,MH
18,off,aː,a,1,882.5338455,1454.22729,1967.827474,MH
18,off,aː,a,1,989.38528,1762.367903,2878.419831,MH
18,off,a,a,1,856.3305349,1518.410905,2324.419376,MH
18,off,i,i,1,393.702795,1326.328466,2436.987242,MH
18,off,eː,e,1,589.9406797,2141.620112,2285.814348,MH
18,off,i,i,1,415.5833105,1960.445928,2685.771371,MH
18,off,iː,i,1,435.1174397,1833.003859,2618.007959,MH
18,off,ɵ,ɵ,1,796.7559875,1630.412392,2795.620299,MH
18,off,ɵ,ɵ,1,874.0292369,1854.738638,2962.166366,MH
18,off,o,o,1,758.1596346,1439.085987,2548.696678,MH
18,off,a,a,1,1034.23849,1640.598445,2666.802387,MH
65,off,i,i,1,788.0992991,825.3318911,2465.436067,LK
65,off,a,a,1,854.7914935,1543.961461,2077.349238,LK
65,off,a,a,1,802.1249087,1339.612405,2170.305123,LK
65,off,a,a,1,829.3462534,1679.119618,2173.063397,LK
65,off,iiː,i,1,393.4707843,1738.075707,2512.705642,LK
65,off,a,a,1,798.2513015,1525.256562,2161.711204,LK
65,off,o,o,1,840.2345099,1087.288163,2511.191831,LK
65,off,a,a,1,811.3345698,1445.596497,1866.443806,LK
65,off,o,o,1,961.3261499,1420.090334,2680.561915,LK
65,off,o,o,1,778.0115913,1325.895247,2329.089901,LK
65,off,u,u,1,679.6964792,1376.494789,1852.964651,LK
65,off,øøː,ø,1,856.2166313,2073.63144,2585.93618,LK
65,off,øː,ø,1,680.1759792,1703.441965,1980.726698,LK
65,off,u,u,1,519.7146937,1016.941558,2666.650062,LK
65,off,aː,a,1,896.6745861,1570.536826,1899.893299,LK
65,off,y,y,1,547.4837276,1876.628915,2162.735984,LK
65,off,a,a,1,982.8566682,1362.157385,1565.286602,LK
41,off,ai,a,1,719.2010762,1480.843582,2308.729617,LK
41,off,iː,i,1,761.1962486,1306.700377,2579.176727,LK
41,off,iː,i,1,564.598477,1352.714089,2261.283388,LK
41,off,ai,a,1,715.0051101,1287.350189,2510.392096,LK
41,off,ɵ,ɵ,1,565.4332075,1512.653118,2689.170597,LK
41,off,ɵ,ɵ,1,703.015945,1576.680071,3076.343592,LK
41,off,ai,a,1,814.5385726,1087.780883,1992.770092,LK
41,off,oː,o,1,805.9274773,1337.568765,2647.203722,LK
41,off,oː,o,1,653.1356687,1289.880202,1823.603534,LK
41,off,ai,a,1,530.2075074,1459.736432,2834.51262,LK
41,off,y,y,1,561.6980092,1323.063221,2111.655002,LK
41,off,a,a,1,835.561181,1450.538082,2480.366242,LK
41,off,y,y,1,576.6401436,1636.934967,1842.531273,LK
41,off,ai,a,1,555.5953233,1574.16507,2489.074533,LK
41,off,a,a,1,1123.879292,1507.857243,2183.593259,LK
41,off,a,a,1,803.7268155,1507.781053,2308.139326,LK
41,off,ai,a,1,717.3985655,1409.459087,2496.152225,LK
69,off,øː,ø,1,448.5597968,2125.073374,2774.385303,LO
69,off,o,o,1,872.6295889,1702.598566,2765.749235,LO
69,off,u,u,1,478.9031412,1476.140888,2919.552218,LO
77,off,o,o,1,505.2745759,1113.012371,1619.190706,LO
77,off,ʎ,ʎ,1,501.0613309,1756.360564,1880.191746,LO
77,off,o,o,1,679.7162963,1280.417605,2089.52004,LO
77,off,ʎ,ʎ,1,369.9291318,1628.843513,2381.368883,LO
77,off,o,o,1,391.7377382,1328.812564,2137.735357,LO
77,off,ʎ,ʎ,1,385.8103275,1667.35288,2238.483229,LO
77,off,eː,e,1,594.8394184,843.2749306,2220.971181,LO
77,off,ɵ,ɵ,1,508.9732796,1135.930405,2276.033942,LO
77,off,u,u,1,494.7066698,1340.555539,1987.06686,LO
77,off,o,o,1,495.3656025,1361.139967,1828.001217,LO
77,off,a,a,1,898.6108412,1324.965856,1668.840639,LO
77,off,eː,e,1,431.7399996,893.3204654,2220.807007,LO
77,off,a,a,1,559.8556117,1425.149265,1944.173402,LO
77,off,a,a,1,859.3309943,1040.794498,2307.330826,LO
77,off,e,e,1,790.6567578,1784.478938,2830.189235,LO
92,off,eeː,e,1,614.9338272,1663.519598,2691.527935,LK
92,off,iiː,i,1,436.3366743,1565.092265,2495.733456,LK
94,off,a,a,1,929.9830718,1516.750843,1636.685289,LK
94,off,e,e,1,709.497797,1470.412746,2435.117056,LK
94,off,iː,i,1,509.5762488,1624.167602,2593.928015,LK
94,off,æ,æ,1,904.6102114,1382.740103,2235.157005,LK
94,off,a,a,1,889.0269372,1427.838561,1909.68335,LK
94,off,ɵ,ɵ,1,666.1355814,1500.523632,2819.817268,LK
94,off,a,a,1,693.6288927,1623.766236,2001.154217,LK
94,off,a,a,1,598.6504184,1350.624576,2563.063035,LK
94,off,e,e,1,731.0298689,1376.570254,2353.186559,LK
94,off,a,a,1,598.1549804,1512.89143,2449.15445,LK
94,off,i,i,1,510.7939864,2037.645949,2473.816661,LK
94,off,iː,i,1,471.3847341,2860.370389,2942.384229,LK
9,off,e,e,2,749.5626948,1691.462051,2317.290629,MH
9,off,ɑ,ɑ,2,1075.393104,1478.569462,2899.291892,MH
9,off,a,a,2,955.8767445,1423.86217,2685.512635,MH
9,off,a,a,2,1077.459899,1506.741937,2515.778614,MH
9,off,a,a,2,903.7740192,1465.380744,2440.653675,MH
9,off,u,u,2,685.1876801,1052.142992,2744.058317,MH
9,off,a,a,2,1015.943037,1502.895151,2813.819471,MH
9,off,u,u,2,707.6300038,1321.090956,2644.876871,MH
9,off,e,e,2,715.0614869,2059.980018,2505.796431,MH
9,off,a,a,2,1044.71165,1413.109076,2888.137739,MH
9,off,æ,æ,2,989.628485,1724.387638,3142.992822,MH
9,off,æ,æ,2,980.6677812,1699.817778,2855.65548,MH
9,off,a,a,2,864.9160635,1394.447613,2239.51979,MH
9,off,ɑ,ɑ,2,782.3806524,1479.699822,2267.485023,MH
9,off,ɪ,ɪ,2,600.5596587,1882.37744,2589.414425,MH
9,off,a,a,2,972.0079473,1528.858661,2637.109044,MH
9,off,ʊ,ʊ,2,692.5728734,1059.605161,2449.602861,MH
9,off,ɛ,ɛ,2,739.4279682,2023.056136,2210.664376,MH
9,off,u,u,2,706.1052231,1022.412128,2421.528614,MH
9,off,ɛ,ɛ,2,782.4577656,1456.519003,2209.609376,MH
9,off,ʊ,ʊ,2,514.1085248,850.5503683,2139.215209,MH
9,off,a,a,2,1047.152756,1224.581451,2161.222232,MH
9,off,a,a,2,983.1746426,1260.298105,2507.637282,MH
18,off,i,i,2,467.9138121,2049.75291,2501.82154,MH
18,off,i,i,2,547.9326989,2067.535898,2496.790065,MH
18,off,e,e,2,664.2398286,2247.283148,2737.321814,MH
18,off,i,i,2,537.105583,1493.625251,2502.414582,MH
18,off,i,i,2,639.6722038,2031.431361,2601.077494,MH
18,off,e,e,2,735.2610486,2148.058326,2212.595228,MH
18,off,e,e,2,832.2545165,1487.532042,2221.435193,MH
18,off,a,a,2,1156.042397,1404.958,3106.441987,MH
18,off,ʊ,ʊ,2,720.3659439,1127.592107,2582.625281,MH
18,off,i,i,2,478.5434783,2249.309419,2853.044614,MH
18,off,u,u,2,635.3604554,1108.715772,2527.389187,MH
18,off,e,e,2,697.128332,1978.154701,2578.233003,MH
18,off,a,a,2,951.1764193,1444.213658,2807.805334,MH
18,off,e,e,2,893.3089003,2162.926647,2307.097728,MH
18,off,a,a,2,1125.949513,1572.785924,3036.747065,MH
18,off,e,e,2,962.0259699,1940.755339,2718.4814,MH
18,off,a,a,2,1061.115133,1504.443613,3056.984665,MH
18,off,ɪ,ɪ,2,335.4046765,2232.271343,2576.209514,MH
18,off,oː,o,2,730.5284158,1135.817422,2453.484224,MH
18,off,a,a,2,997.5723151,1415.822055,2635.939003,MH
18,off,ɪ,ɪ,2,344.5195886,2143.148637,2511.691888,MH
18,off,e,e,2,799.6699819,2106.799939,2428.059061,MH
18,off,a,a,2,1049.812808,1494.711479,2730.266391,MH
18,off,ʊ,ʊ,2,401.6776588,848.2176113,2142.114415,MH
18,off,a,a,2,998.5522242,1773.473045,2327.008308,MH
18,off,ɛ,ɛ,2,727.4234276,2140.571773,2610.686434,MH
18,off,ɪ,ɪ,2,342.8461291,2453.74352,2522.455047,MH
18,off,u,u,2,645.0956521,1124.615526,2550.701951,MH
18,off,a,a,2,1000.798614,1371.86439,2827.27149,MH
18,off,ʊ,ʊ,2,603.0849424,1037.822622,2413.92178,MH
18,off,u,u,2,553.4248508,842.5336196,2214.54407,MH
18,off,i,i,2,620.6169419,2094.720396,2555.187064,MH
18,off,æ,æ,2,1137.161736,1478.998946,2106.987459,MH
18,off,a,a,2,952.186532,1487.91292,2675.081503,MH
18,off,a,a,2,1133.462817,1613.851599,3101.798795,MH
18,off,ɑ,ɑ,2,1169.294885,1370.995905,2903.527574,MH
18,off,a,a,2,1067.87276,1752.739098,3162.657224,MH
18,off,i,i,2,475.3841712,2301.421784,2535.293312,MH
18,off,ɛ,ɛ,2,694.9206845,2035.98805,2469.067193,MH
18,off,u,u,2,672.8797505,1046.508081,2447.458891,MH
18,off,ɑ,ɑ,2,1133.197191,1567.065793,2800.904717,MH
18,off,a,a,2,836.1879876,1599.279606,2687.757906,MH
18,off,ɑ,ɑ,2,1057.590279,1871.464089,3067.743781,MH
18,off,ʊ,ʊ,2,365.4065266,1011.382222,2711.510814,MH
18,off,ɪ,ɪ,2,367.8841957,1714.729281,2690.576761,MH
18,off,ɑ,ɑ,2,1028.427248,1372.009619,2482.138355,MH
18,off,u,u,2,516.9249892,1178.768828,2677.780634,MH
18,off,e,e,2,775.5307594,2270.882271,2650.908229,MH
18,off,a,a,2,1084.306662,1855.74677,2966.133564,MH
18,off,a,a,2,952.7024351,1618.639497,2695.778356,MH
18,off,u,u,2,535.9064611,1154.863036,2415.12043,MH
18,off,u,u,2,512.9983807,1211.103091,2505.800173,MH
18,off,a,a,2,1145.045794,1472.03314,2992.425283,MH
18,off,u,u,2,592.4093159,859.2629508,2376.172396,MH
18,off,u,u,2,648.1011601,1043.343254,2532.614232,MH
18,off,a,a,2,1027.219109,1369.913638,2929.483603,MH
18,off,ɛ,ɛ,2,732.3475299,1627.239952,2173.920804,MH
18,off,u,u,2,677.1703196,1061.20759,2327.639391,MH
18,off,u,u,2,458.6438763,1097.871497,2740.577661,MH
18,off,a,a,2,1081.000725,1493.207172,2772.625637,MH
18,off,u,u,2,673.2384707,1090.713952,2487.148087,MH
18,off,a,a,2,1068.264757,1785.152698,3106.416501,MH
18,off,a,a,2,1042.14978,1568.441203,3023.519988,MH
18,off,ɛ,ɛ,2,713.1082455,1907.243675,2371.61661,MH
18,off,u,u,2,590.0700397,1153.215203,2326.31989,MH
18,off,a,a,2,1062.343976,1674.205887,2972.785565,MH
18,off,a,a,2,819.1958491,1248.502528,2675.748145,MH
18,off,a,a,2,1163.215795,1610.092674,3270.998698,MH
18,off,u,u,2,491.3996776,1113.063928,2435.73357,MH
18,off,a,a,2,998.2529383,1362.657971,2593.269458,MH
18,off,a,a,2,895.4431592,1247.775087,2569.956716,MH
18,off,ɑ,ɑ,2,1083.783752,1638.710257,2790.375045,MH
18,off,ɑ,ɑ,2,1077.617347,1574.787089,2480.804294,MH
18,off,e,e,2,784.8825752,1767.08309,2226.329856,MH
18,off,i,i,2,398.5417315,2220.520648,2428.682115,MH
18,off,ɑ,ɑ,2,1046.247614,1272.227823,2568.868478,MH
18,off,ɑ,ɑ,2,1050.085848,1632.181168,2958.490013,MH
18,off,ɑ,ɑ,2,1122.541564,1403.191115,2982.289006,MH
18,off,u,u,2,646.7407898,1339.141128,2598.172867,MH
18,off,u,u,2,392.8760208,942.4158745,2508.461787,MH
18,off,u,u,2,620.0607843,949.6594173,2121.865589,MH
18,off,ɑ,ɑ,2,1026.166289,1596.066767,2729.138254,MH
18,off,u,u,2,436.9400749,1044.169032,2687.344688,MH
18,off,u,u,2,488.9699452,875.5697468,2496.176252,MH
18,off,ɑ,ɑ,2,999.0294449,1748.275027,2603.982674,MH
18,off,a,a,2,1119.879883,1646.046842,1978.134468,MH
18,off,ʊ,ʊ,2,610.3205898,1205.921027,2522.116732,MH
18,off,a,a,2,952.9026532,1469.257937,2337.420329,MH
18,off,e,e,2,801.269538,2287.286917,2923.89087,MH
18,off,e,e,2,852.0651274,1621.250757,2265.092173,MH
18,off,i,i,2,662.7365687,2225.82472,2471.68485,MH
18,off,i,i,2,462.4432375,2053.024635,2619.435123,MH
18,off,e,e,2,757.65488,1887.457211,2446.532288,MH
18,off,i,i,2,404.5554278,2075.672325,2523.711843,MH
18,off,e,e,2,782.2452045,1438.733493,2106.535355,MH
18,off,i,i,2,404.5023422,1639.539904,2610.126777,MH
18,off,a,a,2,1122.070768,1837.094802,3071.10294,MH
18,off,e,e,2,727.1434612,1931.379676,2275.434199,MH
18,off,ɑ,ɑ,2,1056.679999,1473.998751,2716.405476,MH
18,off,ɛ,ɛ,2,862.235124,1566.967189,2306.850074,MH
18,off,a,a,2,965.9182066,1772.528287,2792.570511,MH
18,off,ɛ,ɛ,2,761.7561561,1582.636186,2601.26997,MH
65,off,i,i,2,527.1176444,1222.392016,2591.357881,LK
65,off,e,e,2,649.9086805,1008.149144,2565.279116,LK
65,off,ʊ,ʊ,2,724.8605816,1154.922577,2424.680657,LK
65,off,u,u,2,579.2157042,1143.23064,2496.045306,LK
65,off,e,e,2,760.5280556,2412.365161,2800.368143,LK
65,off,i,i,2,450.4082445,2002.605853,2510.980136,LK
65,off,i,i,2,605.0463381,1169.405947,2509.764076,LK
65,off,e,e,2,785.9486347,1298.17694,2399.033936,LK
65,off,ɛ,ɛ,2,753.2008361,1454.578591,2157.359088,LK
65,off,i,i,2,559.4751378,1664.49745,2750.250607,LK
65,off,i,i,2,481.262413,1707.869716,2568.636289,LK
65,off,ɛ,ɛ,2,744.2304557,1244.258025,2237.174259,LK
65,off,ɑ,ɑ,2,777.7792046,1356.183562,1942.791589,LK
65,off,ɪ,ɪ,2,429.3771198,2025.806464,2569.321949,LK
65,off,ɑ,ɑ,2,833.6165882,1424.285919,2457.795992,LK
65,off,e,e,2,856.9883055,1014.529148,2389.316021,LK
65,off,ɪ,ɪ,2,419.8220746,1876.304241,2609.861658,LK
65,off,a,a,2,927.6761367,1433.044672,1938.135467,LK
65,off,a,a,2,860.8713843,1334.395125,1808.525684,LK
65,off,ɪ,ɪ,2,597.1427416,1749.491933,2566.079856,LK
65,off,a,a,2,829.5942223,1410.405953,1925.961147,LK
65,off,a,a,2,909.9714037,1544.395298,2299.861771,LK
65,off,i,i,2,538.4432875,1524.749089,2557.815832,LK
65,off,ɑ,ɑ,2,985.7320512,1481.119245,1763.301928,LK
65,off,a,a,2,837.8789294,1524.212868,2026.82251,LK
65,off,e,e,2,870.0293693,1556.619062,2136.434461,LK
65,off,e,e,2,619.693925,1522.786918,2330.141903,LK
65,off,a,a,2,942.8801679,1481.061657,2538.332597,LK
65,off,ɑ,ɑ,2,990.1955167,1396.385787,2279.160376,LK
65,off,e,e,2,576.4521198,1528.730557,2442.91678,LK
65,off,u,u,2,711.2004932,1079.184368,1912.271763,LK
65,off,e,e,2,573.4102104,1627.502812,2348.0639,LK
65,off,a,a,2,904.4340132,1429.202235,2909.239434,LK
65,off,ɑ,ɑ,2,1024.594837,1243.528833,2071.444782,LK
65,off,e,e,2,724.2843986,1671.380299,2195.431564,LK
65,off,ɑ,ɑ,2,819.5368173,1543.077763,1719.257575,LK
41,off,i,i,2,588.8650221,1693.646036,2589.040464,LK
41,off,i,i,2,493.5651716,1219.195646,2675.510985,LK
41,off,a,a,2,830.768242,1462.440465,2059.435263,LK
41,off,u,u,2,585.8871797,980.2535752,2610.807803,LK
41,off,a,a,2,910.831472,1522.841041,2737.124508,LK
41,off,a,a,2,826.9930257,1352.445324,1552.853706,LK
41,off,ɛ,ɛ,2,565.93357,2185.519854,2990.276471,LK
41,off,ɛ,ɛ,2,669.7375951,948.7050456,2290.601443,LK
41,off,a,a,2,930.2525402,1343.783332,2091.634585,LK
41,off,a,a,2,824.9218814,1394.498463,2512.576574,LK
41,off,i,i,2,583.1156522,2013.975212,2742.347208,LK
41,off,i,i,2,590.341473,2590.62296,2966.39457,LK
41,off,ɑ,ɑ,2,907.5994039,1390.420985,2582.438214,LK
41,off,ɑ,ɑ,2,855.9235829,1513.425945,2048.259956,LK
41,off,i,i,2,559.0207312,2390.9765,2681.663253,LK
41,off,i,i,2,562.1410801,1227.483676,2799.224492,LK
41,off,ɪ,ɪ,2,563.0234891,1345.995073,2842.463374,LK
41,off,u,u,2,592.66508,1092.686471,2038.289617,LK
41,off,e,e,2,564.7710926,1338.016234,2230.74715,LK
41,off,u,u,2,519.1245733,966.575844,2257.613382,LK
41,off,a,a,2,843.0752744,1394.025888,1500.40658,LK
41,off,a,a,2,698.5050475,1628.240601,2496.930286,LK
69,off,e,e,2,492.8433201,1866.727361,2231.446741,LO
69,off,e,e,2,661.6558781,2043.460728,2502.308345,LO
69,off,a,a,2,1234.092106,1921.708557,2880.879003,LO
69,off,i,i,2,342.5647229,1987.983399,3135.727259,LO
77,off,ɪ,ɪ,2,578.4412801,916.2798398,2204.392787,LO
77,off,ɪ,ɪ,2,530.5231383,1222.175657,2463.09562,LO
77,off,ɪ,ɪ,2,485.3982752,1416.591224,2132.024395,LO
77,off,e,e,2,608.0211603,747.6518162,2002.422292,LO
77,off,i,i,2,359.3035489,1615.046597,2092.28082,LO
77,off,ɪ,ɪ,2,387.1742809,1126.819279,2342.992976,LO
77,off,a,a,2,681.8212029,1234.901396,1989.323547,LO
77,off,a,a,2,857.1181398,1363.6767,1923.660284,LO
77,off,e,e,2,614.0781098,1273.062612,2278.250845,LO
77,off,ɪ,ɪ,2,456.1291188,2028.855168,2159.505462,LO
92,off,i,i,2,616.1750151,2409.217143,2727.973736,LK
92,off,ʊ,ʊ,2,622.5848549,1040.42248,2493.182449,LK
92,off,ɪ,ɪ,2,458.4076318,1163.703241,2871.000277,LK
92,off,a,a,2,811.435302,1346.492836,1609.022,LK
92,off,i,i,2,507.3851291,1325.386047,2621.252185,LK
92,off,i,i,2,430.6044967,1727.132,2754.108885,LK
92,off,i,i,2,551.7840681,1743.554303,2717.270813,LK
92,off,u,u,2,597.0070158,1182.473416,2517.382437,LK
92,off,i,i,2,577.2884735,1717.210579,2643.439474,LK
92,off,a,a,2,800.2421059,1446.833109,1924.761272,LK
92,off,a,a,2,826.2409605,1425.992918,2607.875796,LK
92,off,u,u,2,719.3129993,921.3525973,1857.563375,LK
94,off,u,u,2,559.086549,1097.589729,2333.155088,LK
94,off,u,u,2,503.9349888,1048.043143,2412.794303,LK
94,off,ʊ,ʊ,2,565.5533303,1085.429488,2159.085146,LK
94,off,u,u,2,524.2718554,1189.158664,2496.598904,LK
94,off,ɑ,ɑ,2,891.103507,1207.228272,1786.838303,LK
94,off,i,i,2,537.2317087,2549.926753,2789.10696,LK
94,off,ɑ,ɑ,2,792.8790102,1367.330103,2264.479747,LK
94,off,a,a,2,915.1375331,1347.133957,2610.988662,LK
94,off,ɑ,ɑ,2,932.7883582,1585.921985,2170.040853,LK
94,off,u,u,2,542.3866937,1329.671209,2033.46152,LK
94,off,u,u,2,533.3113911,1167.053727,2229.705836,LK
94,off,a,a,2,919.3925933,1319.594479,1793.809734,LK
94,off,e,e,2,539.4478332,1427.144763,2475.456464,LK
94,off,i,i,2,549.8182871,1170.936084,2771.075658,LK
94,off,ɪ,ɪ,2,611.727969,1015.997889,2853.716153,LK
94,off,e,e,2,556.1995436,1371.030656,2314.696784,LK
94,off,i,i,2,548.7127536,1542.055545,2670.868553,LK
94,off,ɪ,ɪ,2,476.365771,911.7645741,2690.635618,LK